feature_set,split,model,rmse,mae,r2
all_external,validation,Group Mean Baseline,34.18117502030267,23.181626731680904,0.4966957586445777
all_external,validation,Random Forest,21.459084042164726,11.910291105729616,0.8016286378982764
all_external,validation,XGBoost,21.6810212699052,12.7353935977435,0.7975041695801273
all_external,test,Group Mean Baseline,29.07468388988758,20.487588273586585,0.5323232780246371
all_external,test,Random Forest,17.997501970058075,11.078925783550597,0.8207990901817838
all_external,test,XGBoost,18.647439684862228,11.670505137034931,0.807622545945627
