split,model,rmse,mae,r2
validation,Global Mean Baseline,48.20756969689593,31.54597900710536,-0.0011221947669890486
validation,Group Mean Baseline,34.18117502030267,23.181626731680904,0.4966957586445777
validation,Ridge Regression,23.212565601123288,16.24106579768123,0.7678851627436097
validation,Random Forest,21.7506754463093,12.157992060392742,0.7962009710797289
validation,XGBoost,21.180805757420842,12.315108843328886,0.8067401807444744
