split,model,rmse,mae,r2
test,Global Mean Baseline,43.38433839216599,29.96233866463659,-0.041314002800032945
test,Group Mean Baseline,29.07468388988758,20.487588273586585,0.5323232780246371
test,Ridge Regression,22.28652920442675,16.114881721974665,0.7252101870802852
test,Random Forest,19.443696567149587,13.127668964934578,0.7908425103559542
test,XGBoost,20.188896372405928,13.833598786021629,0.7745029273026758
